ID,Pagina,Sezione,Tipo,Contenuto placeholder attuale,Vincoli/Note,Contenuto cliente
HA1,Home,A - Hero,Titolo,"Fooody — agenzia creativa food","visually-hidden: testo letto solo da screen reader — max 60 caratteri consigliati",
HA2,Home,A - Hero,Sottotitolo,agenzia creativa · food & dintorni,"single line eyebrow, max ~40 caratteri",
HA3,Home,A - Hero,Video,video · presentazione · 40",,
HB1,Home,B - Manifesto,Sottotitolo,— manifesto,"eyebrow con prefisso dash, max ~20 caratteri",
HB2,Home,B - Manifesto,Titolo,Il food non si vende. Si fa desiderare.,"kinetic text (data-kinetic=words), maxWidth 18ch ≈ ~80 caratteri",
HB3,Home,B - Manifesto,Paragrafo,"Crediamo che dietro ogni piatto, ogni brand e ogni scroll ci sia una persona affamata di qualcosa di buono. Il nostro lavoro è apparecchiare la tavola giusta — con metodo, gusto e un pizzico di sfacciataggine.","maxWidth 52ch ≈ ~260 caratteri",
HB4,Home,B - Manifesto,KPI,40+ / clienti serviti,"numero animato (data-count) — fornire solo il numero intero; etichetta 'clienti serviti' è fissa nel codice",
HB5,Home,B - Manifesto,KPI,+340% / engagement medio,"numero animato — fornire solo il numero; ha prefisso '+' e suffisso '%' già nel codice",
HB6,Home,B - Manifesto,KPI,5 / anni a tavola,"numero animato — fornire solo il numero intero",
HC1,Home,C - Servizi,Sottotitolo,quattro modi di lavorare con noi,"single line, max ~45 caratteri",
HC2,Home,C - Servizi,Titolo,"Scegli la portata. Al resto pensiamo noi.","kinetic (lines), due righe, max ~20ch per riga",
HC3,Home,C - Servizi,Paragrafo,"Stesso studio, quattro appetiti diversi. Entra dalla porta che ti somiglia — o chiamaci e te lo diciamo noi.","maxWidth 34ch ≈ ~170 caratteri",
HC4,Home,C - Servizi,Titolo Card,Metodo Fooody,"service card title, max ~30 caratteri",
HC5,Home,C - Servizi,Sottotitolo Card,"per ristoranti, catene & chi vive di coperti","mono subtitle, max ~50 caratteri",
HC6,Home,C - Servizi,Paragrafo Card,"Il nostro sistema completo per la ristorazione: social che riempiono i tavoli, menù che vendono, identità che si ricordano. Cinque pilastri, zero fronzoli.","max ~180 caratteri",
HC7,Home,C - Servizi,KPI Card,"es. Trattoria Tale · +340% engagement, +180% prenotazioni in 6 mesi","mono-xs — un esempio reale di risultato, max ~80 caratteri",
HC8,Home,C - Servizi,Titolo Card,Social Media,"max ~30 caratteri",
HC9,Home,C - Servizi,Sottotitolo Card,"per brand, retailer e aziende — anche oltre il food","max ~55 caratteri",
HC10,Home,C - Servizi,Paragrafo Card,"Strategia, contenuti e community che non fanno scrollare oltre. Dal reel virale alla campagna che converte: pensiamo, giriamo, pubblichiamo, misuriamo.","max ~180 caratteri",
HC11,Home,C - Servizi,KPI Card,"es. Brand Tale · 5M views virali · community +28k in 4 mesi","mono-xs, max ~80 caratteri",
HC12,Home,C - Servizi,Titolo Card,Web Design,"max ~30 caratteri",
HC13,Home,C - Servizi,Sottotitolo Card,"siti che convertono, non solo che si guardano","max ~55 caratteri",
HC14,Home,C - Servizi,Paragrafo Card,"UX, UI, sviluppo e SEO sotto lo stesso tetto. Costruiamo siti veloci, belli e onesti — dove il bottone giusto è sempre a portata di pollice.","max ~180 caratteri",
HC15,Home,C - Servizi,KPI Card,"es. E-shop Tale · da 0 a 18k visite/mese · checkout in 2 step","mono-xs, max ~80 caratteri",
HC16,Home,C - Servizi,Titolo Card,Branding,"max ~30 caratteri",
HC17,Home,C - Servizi,Sottotitolo Card,identità che si riconoscono al primo morso,"max ~55 caratteri",
HC18,Home,C - Servizi,Paragrafo Card,"Strategia, naming, identità visiva e packaging. Diamo al tuo brand una faccia, una voce e un carattere — di quelli che non si scordano facilmente.","max ~180 caratteri",
HC19,Home,C - Servizi,KPI Card,"es. Brand Tale · rebranding completo · a scaffale in 8 settimane","mono-xs, max ~80 caratteri",
HD1,Home,D - Clienti,Sottotitolo,hanno mangiato con noi,,
HD2,Home,D - Clienti,Immagine,CLIENTE (logo placeholder),"logo monocromatico SVG — fornire file SVG o PNG monocromo; rinominare HD2.svg",
HD3,Home,D - Clienti,Immagine,Trattoria (logo placeholder),"come HD2 — file HD3.svg",
HD4,Home,D - Clienti,Immagine,FoodCo (logo placeholder),file HD4.svg,
HD5,Home,D - Clienti,Immagine,Brand· (logo placeholder),file HD5.svg,
HD6,Home,D - Clienti,Immagine,Mercato (logo placeholder),file HD6.svg,
HD7,Home,D - Clienti,Immagine,Forno+ (logo placeholder),file HD7.svg,
HD8,Home,D - Clienti,Immagine,Vino & Co (logo placeholder),file HD8.svg,
HD9,Home,D - Clienti,Immagine,DeliKa (logo placeholder),file HD9.svg,
HE1,Home,E - Lavori,Sottotitolo,già fatto venire l'acquolina a,,
HE2,Home,E - Lavori,Titolo,Lavori scelti.,"kinetic (lines)",
HE3,Home,E - Lavori,Immagine,case · cover 4:5 (placeholder),"immagine copertina case study 1 — formato 4:5 (800×1000px min); file HE3.jpg",
HE4,Home,E - Lavori,Titolo Card,Nome Cliente (case 1),"nome del cliente reale — max ~30 caratteri",
HE5,Home,E - Lavori,Sottotitolo Card,ristorazione · social + branding,"settore e servizi — max ~45 caratteri",
HE6,Home,E - Lavori,KPI Card,+340%,"risultato principale — numero breve (es. +340% o 5M) — max ~8 caratteri",
HE7,Home,E - Lavori,Immagine,case · cover 4:5 (placeholder),"formato 4:5 — file HE7.jpg",
HE8,Home,E - Lavori,Titolo Card,Nome Cliente (case 2),"max ~30 caratteri",
HE9,Home,E - Lavori,Sottotitolo Card,food brand · social + adv,"max ~45 caratteri",
HE10,Home,E - Lavori,KPI Card,5M,"max ~8 caratteri",
HE11,Home,E - Lavori,Immagine,case · cover 4:5 (placeholder),"formato 4:5 — file HE11.jpg",
HE12,Home,E - Lavori,Titolo Card,Nome Cliente (case 3),"max ~30 caratteri",
HE13,Home,E - Lavori,Sottotitolo Card,e-commerce · web + seo,"max ~45 caratteri",
HE14,Home,E - Lavori,KPI Card,18k,"max ~8 caratteri",
HF1,Home,F - Studio Teaser,Immagine,team · foto studio (placeholder),"foto team formato 4:5 (800×1000px min) — file HF1.jpg",
HF2,Home,F - Studio Teaser,Sottotitolo,chi siamo,,
HF3,Home,F - Studio Teaser,Titolo,"Un gruppo di golosi con il vizio del buon lavoro.","kinetic (words), maxWidth 18ch",
HF4,Home,F - Studio Teaser,Paragrafo,"Strategist, designer, video-maker e copy che si prendono sul serio solo quando serve. Lavoriamo nel food perché ci piace — e perché nessuno racconta una storia meglio di un piatto fatto bene.","maxWidth 48ch ≈ ~240 caratteri",
HF5,Home,F - Studio Teaser,Voce lista,Gusto prima di tutto,"valore breve — max ~30 caratteri",
HF6,Home,F - Studio Teaser,Voce lista,Dati senza fuffa,"max ~30 caratteri",
HF7,Home,F - Studio Teaser,Voce lista,Mani in pasta,"max ~30 caratteri",
HF8,Home,F - Studio Teaser,Bottone-CTA,Conosci lo studio ↗,,
HG1,Home,G - CTA,Sottotitolo,— a tavola,"eyebrow con dash",
HG2,Home,G - CTA,Titolo,"Hai fame di crescere?","mega class, maxWidth 15ch",
HG3,Home,G - CTA,Paragrafo,"Raccontaci il tuo progetto. Primo confronto offerto dalla casa — caffè incluso, conto mai.","maxWidth 42ch ≈ ~210 caratteri",
HG4,Home,G - CTA,Bottone-CTA,Prenota una call ↗,,
MA1,Metodo,A - Hero,Sottotitolo,— il metodo · per chi vive di coperti,"eyebrow con dash, max ~45 caratteri",
MA2,Metodo,A - Hero,Titolo,"Cinque mosse per riempire i tavoli.","kinetic (lines), maxWidth 15ch",
MA3,Metodo,A - Hero,Paragrafo,"Il Metodo Fooody è il nostro sistema completo per la ristorazione. Non una lista di servizi sciolti: un percorso unico che parte dall'identità e arriva ai numeri.","maxWidth 48ch ≈ ~240 caratteri",
MA4,Metodo,A - Hero,Bottone-CTA,Scopri i 5 pilastri ↓,,
MB1,Metodo,B - Intro,Sottotitolo,il problema,"eyebrow no-slash, max ~20 caratteri",
MB2,Metodo,B - Intro,Titolo,Si mangia benissimo. Ma lo sa solo chi è già entrato.,"kinetic (words), maxWidth 20ch",
MB3,Metodo,B - Intro,Paragrafo,"Il piatto è perfetto, la sala pure. Poi fuori, sul telefono di chi non ti conosce, il tuo ristorante è un puntino tra mille.","maxWidth 54ch ≈ ~270 caratteri",
MC1,Metodo,C - Panoramica,Sottotitolo,il sistema in un colpo d'occhio,"eyebrow, max ~40 caratteri",
MC2,Metodo,C - Panoramica,Titolo,"Cinque pilastri. Un percorso solo.","kinetic (lines), max ~20ch per riga",
MC3,Metodo,C - Panoramica,Paragrafo,Funzionano separati ma danno il meglio insieme. Sotto ogni pilastro si compone mentre scorri.,"maxWidth 32ch",
MC4,Metodo,C - Panoramica,Card pilastro,"Identità / chi sei, prima del menù","link card pilastro 01",
MC5,Metodo,C - Panoramica,Card pilastro,"Social / riempire i tavoli, non il feed","link card pilastro 02",
MC6,Metodo,C - Panoramica,Card pilastro,"Menu engineering / il menù che vende per te","link card pilastro 03",
MC7,Metodo,C - Panoramica,Card pilastro,"Esperienza / dal click all'ultimo boccone","link card pilastro 04",
MC8,Metodo,C - Panoramica,Card pilastro,"Crescita / numeri da mangiare","link card pilastro 05",
MD1,Metodo,D - Scrollytelling,Immagine,immagine pilastro 01 · identità · 4:5,"immagine per pilastro Identità — formato 4:5 (800×1000px min); file MD1.jpg",
MD2,Metodo,D - Scrollytelling,Paragrafo pilastro,"Nome, logo, palette, packaging, font del menù. Diamo al locale una faccia riconoscibile — quella che resta in testa mentre si decide dove cenare stasera.","testo scrolly step 1, max ~180 caratteri",
MD3,Metodo,D - Scrollytelling,Immagine,immagine pilastro 02 · social · 4:5,"file MD3.jpg",
MD4,Metodo,D - Scrollytelling,Paragrafo pilastro,"Contenuti che fanno venire fame e community che prenota davvero. Reel, food photography, calendario editoriale: ogni post ha un coperto come obiettivo.","testo scrolly step 2, max ~180 caratteri",
MD5,Metodo,D - Scrollytelling,Immagine,immagine pilastro 03 · menu · 4:5,"file MD5.jpg",
MD6,Metodo,D - Scrollytelling,Paragrafo pilastro,"Studiamo posizione, prezzi e descrizioni per spingere i piatti giusti. Un menù progettato bene vende di più senza alzare la voce — e nemmeno i prezzi.","testo scrolly step 3, max ~180 caratteri",
MD7,Metodo,D - Scrollytelling,Immagine,immagine pilastro 04 · esperienza · 4:5,"file MD7.jpg",
MD8,Metodo,D - Scrollytelling,Paragrafo pilastro,"Sito veloce, prenotazione in due tap, recensioni gestite, QR del menù che funziona davvero. Tutto quello che succede tra 'ho fame' e 'torno di sicuro'.","testo scrolly step 4, max ~180 caratteri",
MD9,Metodo,D - Scrollytelling,Immagine,immagine pilastro 05 · crescita · 4:5,"file MD9.jpg",
MD10,Metodo,D - Scrollytelling,Paragrafo pilastro,"ADV mirata, analisi dei dati, fidelizzazione. Misuriamo coperti, scontrino medio e ritorno — perché 'andare bene' deve voler dire qualcosa di preciso.","testo scrolly step 5, max ~180 caratteri",
ME1,Metodo,E - Risultati,Sottotitolo,cosa succede dopo,"eyebrow, max ~30 caratteri",
ME2,Metodo,E - Risultati,Titolo,"I conti tornano. Anche quelli belli.","kinetic (lines)",
ME3,Metodo,E - Risultati,Paragrafo,"Medie sui ristoranti seguiti con il Metodo completo nei primi sei mesi. Niente magie, solo metodo.","maxWidth 32ch",
ME4,Metodo,E - Risultati,KPI,+340% / engagement medio,"numero animato — fornire solo il numero",
ME5,Metodo,E - Risultati,KPI,+180% / prenotazioni online,"numero animato",
ME6,Metodo,E - Risultati,KPI,2.4x / copertura nel weekend,"numero decimale animato",
ME7,Metodo,E - Risultati,KPI,+18% / scontrino medio,"numero animato",
MF1,Metodo,F - Case Study,Immagine,case study · cover + reel · 4:5,"immagine copertina case — formato 4:5; file MF1.jpg",
MF2,Metodo,F - Case Study,Titolo,"Trattoria Tale, da insegna a indirizzo.","kinetic (words), maxWidth 16ch",
MF3,Metodo,F - Case Study,Paragrafo,"Identità rifatta, social ripensato, menù ridisegnato e sito con prenotazioni. In sei mesi la trattoria è passata dal passaparola al tutto-esaurito del sabato.","maxWidth 46ch",
MF4,Metodo,F - Case Study,KPI,+340% / engagement,"numero KPI 1",
MF5,Metodo,F - Case Study,KPI,+180% / prenotazioni,"numero KPI 2",
MF6,Metodo,F - Case Study,KPI,6 / mesi,"numero KPI 3",
MG1,Metodo,G - CTA,Sottotitolo,— pronti a ordinare?,"eyebrow con dash",
MG2,Metodo,G - CTA,Titolo,"Mettiamo il Metodo a tavola.","mega class, maxWidth 15ch",
MG3,Metodo,G - CTA,Paragrafo,"Raccontaci il tuo locale. Prima call gratuita: capiamo se c'è feeling — e da dove partire.","maxWidth 42ch",
MG4,Metodo,G - CTA,Bottone-CTA,Prenota una call ↗,,
SA1,Social,A - Hero,Sottotitolo,— social media · food & oltre,"eyebrow no-slash, max ~40 caratteri",
SA2,Social,A - Hero,Titolo,Contenuti che fermano il pollice.,"mega kinetic (lines)",
SA3,Social,A - Hero,Paragrafo,"Strategia, contenuti e community che non fanno scrollare oltre. Dal reel che gira alla campagna che converte: pensiamo, giriamo, pubblichiamo, misuriamo.","maxWidth 46ch",
SA4,Social,A - Hero,Bottone-CTA,Prenota una call ↗,,
SA5,Social,A - Hero,Bottone-secondario,Guarda il feed ↓,,
SA6,Social,A - Hero,Video miniatura,reel · 0:14,"placeholder video reel 1 — sostituire con reel reale; file SA6.mp4",
SA7,Social,A - Hero,Video miniatura,carosello · ×7,"placeholder video reel 2; file SA7.mp4",
SA8,Social,A - Hero,Video miniatura,UGC · cliente,"placeholder video reel 3; file SA8.mp4",
SB1,Social,B - Feed,Sottotitolo,il feed vivo,"eyebrow, max ~30 caratteri",
SB2,Social,B - Feed,Titolo,"Non un portfolio. Un feed che respira.","kinetic (lines)",
SB3,Social,B - Feed,Paragrafo,"Passa sopra per fermarlo. Ogni tessera è un format che produciamo davvero — reel, caroselli, UGC, copertine. Tre righe, tre ritmi.","maxWidth 32ch",
SB4,Social,B - Feed,KPI,5M / views sul reel top,"numero animato — fornire il numero",
SB5,Social,B - Feed,KPI,+28k / community in 4 mesi,"numero animato",
SB6,Social,B - Feed,KPI,+340% / engagement medio,"numero animato",
SB7,Social,B - Feed,KPI,12/mese / contenuti in pubblicazione,"numero animato",
SC1,Social,C - Cosa facciamo,Titolo,"Cinque mosse. Un solo feed.","kinetic (lines)",
SC2,Social,C - Cosa facciamo,Tab servizio 1,Strategia & posizionamento,"button tab — titolo servizio 1, max ~30 caratteri",
SC3,Social,C - Cosa facciamo,Pannello servizio 1,"prima il perché, poi il post — Tono di voce, pilastri di contenuto, calendario.","testo pannello reel servizio 1",
SC4,Social,C - Cosa facciamo,Tab servizio 2,Content & format,"button tab 2, max ~30 caratteri",
SC5,Social,C - Cosa facciamo,Pannello servizio 2,"il contenuto che ferma il pollice — Food photography, grafiche, copertine, copy.","testo pannello reel servizio 2",
SC6,Social,C - Cosa facciamo,Tab servizio 3,Reels & UGC,"button tab 3, max ~30 caratteri",
SC7,Social,C - Cosa facciamo,Pannello servizio 3,"il motore della crescita organica — Riprese, montaggio, trend.","testo pannello reel servizio 3",
SC8,Social,C - Cosa facciamo,Tab servizio 4,ADV & performance,"button tab 4, max ~30 caratteri",
SC9,Social,C - Cosa facciamo,Pannello servizio 4,"quando serve spingere, spingiamo bene — Campagne Meta e TikTok.","testo pannello reel servizio 4",
SC10,Social,C - Cosa facciamo,Tab servizio 5,Community & report,"button tab 5, max ~30 caratteri",
SC11,Social,C - Cosa facciamo,Pannello servizio 5,"le persone, non i follower — Gestione DM e commenti, moderazione, report mensile.","testo pannello reel servizio 5",
SD1,Social,D - Proof,Sottotitolo,— numeri non sensazioni,"eyebrow no-slash, max ~30 caratteri",
SD2,Social,D - Proof,Titolo,"Quello che pubblichiamo, lo misuriamo.","kinetic (words), maxWidth 18ch",
SD3,Social,D - Proof,KPI,+340% / engagement medio · 6 mesi,"numero animato",
SD4,Social,D - Proof,KPI,5M / views sul reel più virale,"numero animato",
SD5,Social,D - Proof,KPI,+28k / nuova community in 4 mesi,"numero animato",
SD6,Social,D - Proof,KPI,3.1x / ritorno sulla spesa ADV,"numero decimale animato",
SE1,Social,E - Case Study,Sottotitolo,caso · food brand,"eyebrow, max ~25 caratteri",
SE2,Social,E - Case Study,Immagine,case · reel + feed · 4:5,"immagine copertina case — formato 4:5; file SE2.jpg",
SE3,Social,E - Case Study,Titolo,Da feed spento a 5 milioni di views.,"kinetic (words), maxWidth 16ch",
SE4,Social,E - Case Study,Paragrafo,"Strategia rifatta, format nuovi, un reel al giorno per 90 giorni. In quattro mesi il brand è passato dal post di cortesia alla coda fuori dal punto vendita.","maxWidth 46ch",
SE5,Social,E - Case Study,KPI,5M / views,"KPI 1",
SE6,Social,E - Case Study,KPI,+28k / community,"KPI 2",
SE7,Social,E - Case Study,KPI,4 / mesi,"KPI 3",
SF1,Social,F - CTA,Sottotitolo,— pronti a postare?,"eyebrow no-slash",
SF2,Social,F - CTA,Titolo,Facciamo girare il tuo feed.,"mega kinetic",
SF3,Social,F - CTA,Paragrafo,"Raccontaci il brand. Prima call gratuita: guardiamo i numeri di oggi e da dove far partire la crescita.","maxWidth 42ch",
SF4,Social,F - CTA,Bottone-CTA,Prenota una call ↗,,
SF5,Social,F - CTA,Bottone-secondario,ciao@fooody.it,,
WA1,Web,A - Hero,Sottotitolo,— web design · ux · sviluppo,"eyebrow no-slash, max ~40 caratteri",
WA2,Web,A - Hero,Titolo,"Siti che convertono. Non solo che si guardano.","mega kinetic (lines), maxWidth 16ch",
WA3,Web,A - Hero,Paragrafo,"UX, UI, sviluppo e SEO sotto lo stesso tetto. Costruiamo siti veloci, belli e onesti — dove il bottone giusto è sempre a portata di pollice.","maxWidth 48ch",
WA4,Web,A - Hero,Bottone-CTA,Prenota una call ↗,,
WB1,Web,B - Anteprima,Sottotitolo,anteprima dal vivo,"eyebrow, max ~25 caratteri",
WB2,Web,B - Anteprima,Titolo,"Un sito che sta bene ovunque.","h2, maxWidth 22ch",
WB3,Web,B - Anteprima,Paragrafo,"Stessa pagina, tre viewport. Il layout si ricompone, non si rompe.","maxWidth 30ch",
WC1,Web,C - Come lavoriamo,Sottotitolo,come lavoriamo,"eyebrow, max ~25 caratteri",
WC2,Web,C - Come lavoriamo,Titolo,Dal brief al deploy.,"kinetic (lines)",
WC3,Web,C - Come lavoriamo,Paragrafo,"Un processo in quattro tappe. Niente sorprese in fattura, niente 'ci pensiamo dopo'.","maxWidth 34ch",
WC4,Web,C - Come lavoriamo,Card step 1,"Strategia & UX — prima capiamo dove deve cliccare","card del passo 1 (titolo + sub + desc in rotazione) — I testi dei 4 step appaiono in rotazione: vedere WC4–WC7",
WC5,Web,C - Come lavoriamo,Card step 2,"UI & design system — bello, ma con un sistema dietro","card del passo 2",
WC6,Web,C - Come lavoriamo,Card step 3,Sviluppo & CMS — codice pulito gestibile da te,"card del passo 3",
WC7,Web,C - Come lavoriamo,Card step 4,SEO & performance — veloce e trovabile sul serio,"card del passo 4",
WD1,Web,D - Stack,Sottotitolo,cosa sappiamo costruire,"eyebrow, max ~30 caratteri",
WD2,Web,D - Stack,Titolo,Dal sito vetrina all'e-commerce con mille referenze.,"kinetic (words), maxWidth 20ch",
WD3,Web,D - Stack,Card capacità 1,"vetrina — Siti istituzionali e landing che presentano bene e caricano in fretta.","card capacità vetrina",
WD4,Web,D - Stack,Card capacità 2,"e-commerce — Negozi online con checkout in due step, pagamenti e logistica integrati.","card capacità e-commerce",
WD5,Web,D - Stack,Card capacità 3,"prenotazioni — Sistemi di booking per ristoranti, eventi e servizi — senza intermediari.","card capacità prenotazioni",
WD6,Web,D - Stack,Card capacità 4,"web app — Strumenti su misura: gestionali, dashboard, configuratori di prodotto.","card capacità web app",
WE1,Web,E - Case Study,Sottotitolo,caso · e-commerce,"eyebrow, max ~25 caratteri",
WE2,Web,E - Case Study,Immagine,case · sito + checkout · 4:5,"immagine copertina case — formato 4:5; file WE2.jpg",
WE3,Web,E - Case Study,Titolo,Da zero a 18k visite al mese.,"kinetic (words), maxWidth 16ch",
WE4,Web,E - Case Study,Paragrafo,"Nuovo e-commerce, checkout ridisegnato in due step, SEO da capo. In sei mesi il negozio è passato dal 'ce l'abbiamo anche online' a primo canale di vendita.","maxWidth 46ch",
WE5,Web,E - Case Study,KPI,18k / visite/mese,"KPI 1",
WE6,Web,E - Case Study,KPI,+64% / conversione,"KPI 2",
WE7,Web,E - Case Study,KPI,0.9s / caricamento,"KPI 3",
WF1,Web,F - CTA,Sottotitolo,— pronti a costruire?,"eyebrow no-slash",
WF2,Web,F - CTA,Titolo,Mettiamo online qualcosa di buono.,"mega kinetic",
WF3,Web,F - CTA,Paragrafo,"Raccontaci il progetto. Prima call gratuita: capiamo cosa serve davvero e cosa no.","maxWidth 42ch",
WF4,Web,F - CTA,Bottone-CTA,Prenota una call ↗,,
WF5,Web,F - CTA,Bottone-secondario,ciao@fooody.it,,
BA1,Branding,A - Hero,Sottotitolo,— branding · identità & packaging,"eyebrow no-slash, max ~45 caratteri",
BA2,Branding,A - Hero,Titolo,Riconoscibili a prima vista.,"mega kinetic (lines), maxWidth 15ch",
BA3,Branding,A - Hero,Paragrafo,"Strategia, naming, identità visiva e packaging. Diamo al tuo brand una faccia, una voce e un carattere — di quelli che non si scordano facilmente.","maxWidth 48ch",
BA4,Branding,A - Hero,Bottone-CTA,Prenota una call ↗,,
BB1,Branding,B - Brand Board,Sottotitolo,il sistema assemblato,"eyebrow, max ~25 caratteri",
BB2,Branding,B - Brand Board,Titolo,"Un'identità non è un logo. È un sistema.","kinetic (lines)",
BB3,Branding,B - Brand Board,Paragrafo,"Nome, colori, tipografia, packaging: tutto parla la stessa lingua.","maxWidth 32ch",
BB4,Branding,B - Brand Board,Immagine,mockup · etichetta (placeholder),"mockup packaging — sostituire con immagine reale; file BB4.jpg",
BC1,Branding,C - Cosa facciamo,Sottotitolo,cosa facciamo,"eyebrow, max ~20 caratteri",
BC2,Branding,C - Cosa facciamo,Titolo,Dalla strategia al lancio.,"kinetic (lines)",
BC3,Branding,C - Cosa facciamo,Paragrafo,Quattro tappe per costruire un marchio coerente — dentro e fuori dal piatto.,"maxWidth 34ch",
BC4,Branding,C - Cosa facciamo,Titolo Card 1,Strategia di marca,"card title, max ~30 caratteri",
BC5,Branding,C - Cosa facciamo,Sottotitolo Card 1,"cosa sei, per chi, e perché ti scelgono","mono subtitle, max ~50 caratteri",
BC6,Branding,C - Cosa facciamo,Paragrafo Card 1,"Posizionamento, valori, pubblico, archetipo. Le fondamenta su cui poggia ogni scelta visiva successiva.","max ~150 caratteri",
BC7,Branding,C - Cosa facciamo,Titolo Card 2,Naming & voce,"max ~30 caratteri",
BC8,Branding,C - Cosa facciamo,Sottotitolo Card 2,il nome giusto e come lo dici,"max ~50 caratteri",
BC9,Branding,C - Cosa facciamo,Paragrafo Card 2,"Naming, tagline, tono di voce, verifica di disponibilità. Un nome che si pronuncia, si ricorda e si trova.","max ~150 caratteri",
BC10,Branding,C - Cosa facciamo,Titolo Card 3,Identità visiva,"max ~30 caratteri",
BC11,Branding,C - Cosa facciamo,Sottotitolo Card 3,"logo, colori, tipografia, sistema","max ~50 caratteri",
BC12,Branding,C - Cosa facciamo,Paragrafo Card 3,"Marchio, palette, font, griglie e linee guida. Un sistema che resta coerente dal biglietto da visita all'insegna.","max ~150 caratteri",
BC13,Branding,C - Cosa facciamo,Titolo Card 4,Packaging & stampa,"max ~30 caratteri",
BC14,Branding,C - Cosa facciamo,Sottotitolo Card 4,il brand che prendi in mano,"max ~50 caratteri",
BC15,Branding,C - Cosa facciamo,Paragrafo Card 4,"Etichette, confezioni, menù, materiali stampati. L'identità che diventa oggetto — pronta per lo scaffale.","max ~150 caratteri",
BD1,Branding,D - Elementi,Sottotitolo,gli elementi che consegniamo,"eyebrow, max ~30 caratteri",
BD2,Branding,D - Elementi,Titolo,Tutto quello che serve per essere un brand.,"kinetic (words), maxWidth 18ch",
BD3,Branding,D - Elementi,Descrizione colore,Palette primaria secondaria e neutri — con i codici per ogni supporto.,"testo tile colore",
BD4,Branding,D - Elementi,Descrizione tipografia,"Famiglia display e da testo, scala tipografica, regole d'uso.","testo tile tipografia",
BD5,Branding,D - Elementi,Descrizione marchio,"Logo principale, versioni, area di rispetto e dimensioni minime.","testo tile marchio",
BE1,Branding,E - Case Study,Sottotitolo,caso · rebranding,"eyebrow, max ~20 caratteri",
BE2,Branding,E - Case Study,Immagine,case · identità + packaging · 4:5,"immagine copertina case — formato 4:5; file BE2.jpg",
BE3,Branding,E - Case Study,Titolo,Dal brief al lancio in otto settimane.,"kinetic (words), maxWidth 16ch",
BE4,Branding,E - Case Study,Paragrafo,"Rebranding completo: nuovo nome, identità da zero, sistema di packaging per tutta la linea. Otto settimane dal primo schizzo al prodotto sullo scaffale.","maxWidth 46ch",
BE5,Branding,E - Case Study,KPI,8 / settimane,"KPI 1",
BE6,Branding,E - Case Study,KPI,12 / referenze,"KPI 2",
BE7,Branding,E - Case Study,KPI,+45% / a scaffale,"KPI 3",
BF1,Branding,F - CTA,Sottotitolo,— pronti a farvi riconoscere?,"eyebrow no-slash",
BF2,Branding,F - CTA,Titolo,Diamo una faccia al tuo brand.,"mega kinetic",
BF3,Branding,F - CTA,Paragrafo,"Raccontaci chi sei. Prima call gratuita: capiamo cosa rende il tuo marchio diverso dagli altri.","maxWidth 42ch",
BF4,Branding,F - CTA,Bottone-CTA,Prenota una call ↗,,
BF5,Branding,F - CTA,Bottone-secondario,ciao@fooody.it,,
TA1,Studio,A - Hero,Sottotitolo,— chi siamo · studio,"eyebrow no-slash, max ~30 caratteri",
TA2,Studio,A - Hero,Titolo,Testa cuore e metodo.,"mega kinetic (lines)",
TA3,Studio,A - Hero,Paragrafo,"Strategist, designer, video-maker e copy che si prendono sul serio solo quando serve. Siamo nel food perché ci piace — e lavoriamo con qualsiasi brand abbia qualcosa di vero da dire.","maxWidth 46ch",
TA4,Studio,A - Hero,Immagine,foto · studio / team (placeholder),"foto studio/team — formato 4:5; file TA4.jpg",
TA5,Studio,A - Hero,Bottone-CTA,Lavoriamo insieme ↗,,
TB1,Studio,B - Numeri,KPI,5 anni / nel settore food,"numero animato — fornire solo il numero",
TB2,Studio,B - Numeri,KPI,+40 / clienti serviti,"numero animato",
TB3,Studio,B - Numeri,KPI,8 / persone nel team,"numero animato",
TB4,Studio,B - Numeri,KPI,+340% / engagement medio · 6 mesi,"numero animato",
TC1,Studio,C - Manifesto,Titolo,Il food non si vende. Si fa desiderare.,"kinetic (words), maxWidth 18ch",
TC2,Studio,C - Manifesto,Paragrafo 1,"Crediamo che dietro ogni piatto, ogni brand e ogni scroll ci sia una persona affamata di qualcosa di buono. Il nostro lavoro è apparecchiare la tavola giusta — con metodo, gusto e un pizzico di sfacciatosta.","maxWidth 54ch",
TC3,Studio,C - Manifesto,Paragrafo 2,"Non facciamo contenuti per riempire un calendario. Facciamo contenuti per riempire una sala. C'è differenza — e si vede nei numeri.","maxWidth 54ch",
TD1,Studio,D - Team,Titolo,Le persone dietro i progetti.,"kinetic (lines)",
TD2,Studio,D - Team,Paragrafo,"Otto persone, un obiettivo. Ognuno con la propria specialità — tutti con lo stesso obiettivo.","maxWidth 32ch",
TD3,Studio,D - Team,Immagine membro 1,ritratto · fondatore (placeholder),"foto ritratto fondatore — formato 3:4 o quadrato; file TD3.jpg",
TD4,Studio,D - Team,Nome membro 1,Nome Cognome,"nome reale del fondatore, max ~40 caratteri",
TD5,Studio,D - Team,Ruolo membro 1,Founder & Strategist,"ruolo, max ~30 caratteri",
TD6,Studio,D - Team,Bio membro 1,"Cresce tra trattorie e spreadsheet. Prima il cibo, poi i dati — poi ha capito che si parlano la stessa lingua.","bio breve, max ~120 caratteri",
TD7,Studio,D - Team,Immagine membro 2,ritratto · creative director (placeholder),"file TD7.jpg",
TD8,Studio,D - Team,Nome membro 2,Nome Cognome,"max ~40 caratteri",
TD9,Studio,D - Team,Ruolo membro 2,Creative Director,"max ~30 caratteri",
TD10,Studio,D - Team,Bio membro 2,"Vent'anni a fare brand per chi produce cose buone. Dice che il design è come una ricetta — sbaglia chi usa troppi ingredienti.","max ~130 caratteri",
TD11,Studio,D - Team,Immagine membro 3,ritratto · head of content (placeholder),"file TD11.jpg",
TD12,Studio,D - Team,Nome membro 3,Nome Cognome,"max ~40 caratteri",
TD13,Studio,D - Team,Ruolo membro 3,Head of Content,"max ~30 caratteri",
TD14,Studio,D - Team,Bio membro 3,"Copy di giorno, golosa di notte. Scrive come si parla — e parla come si legge. Ha un talent nell'individuare il tono esatto di ogni brand.","max ~140 caratteri",
TD15,Studio,D - Team,Immagine membro 4,ritratto · video director (placeholder),"file TD15.jpg",
TD16,Studio,D - Team,Nome membro 4,Nome Cognome,"max ~40 caratteri",
TD17,Studio,D - Team,Ruolo membro 4,Video Director,"max ~30 caratteri",
TD18,Studio,D - Team,Bio membro 4,"Occhio da cinematographer, testa da content creator. Sa quando serve un reel da 5M views e quando basta uno scatto spontaneo dietro al bancone.","max ~145 caratteri",
TE1,Studio,E - Valori,Titolo,Tre principi. Nessuna scusa.,"kinetic (lines)",
TE2,Studio,E - Valori,Paragrafo,"Non sono valori appesi al muro. Sono il modo in cui prendiamo le decisioni ogni giorno.","maxWidth 32ch",
TE3,Studio,E - Valori,Titolo valore 1,Gusto prima di tutto,"h3 titolo valore, max ~30 caratteri",
TE4,Studio,E - Valori,Descrizione valore 1,"Ogni scelta estetica è una scelta strategica. Un'immagine brutta vende meno, un copy piatto non convince, un sito lento perde clienti. La qualità non è un lusso — è la baseline da cui partiamo.","max ~200 caratteri",
TE5,Studio,E - Valori,Titolo valore 2,Dati senza fuffa,"max ~30 caratteri",
TE6,Studio,E - Valori,Descrizione valore 2,"Crediamo nei numeri e nel buon senso. Misuriamo tutto quello che conta, ignoriamo le metriche di vanità e riportiamo solo quello che serve per decidere bene. Report onesti, anche quando fanno un po' male.","max ~200 caratteri",
TE7,Studio,E - Valori,Titolo valore 3,Mani in pasta,"max ~30 caratteri",
TE8,Studio,E - Valori,Descrizione valore 3,"Siamo un team operativo, non consulenti. Scriviamo i copy, giriamo i video, costruiamo i siti. Chi presenta il lavoro è chi lo fa. Zero passaggi di consegne, massimo controllo su quello che esce.","max ~200 caratteri",
TF1,Studio,F - Processo,Titolo,Prima si prepara il terreno. Poi si esegue.,"kinetic (words), maxWidth 18ch",
TF2,Studio,F - Processo,Titolo step 1,Ascolto,"h3 step, max ~20 caratteri",
TF3,Studio,F - Processo,Titolo step 2,Diagnosi,"max ~20 caratteri",
TF4,Studio,F - Processo,Titolo step 3,Strategia,"max ~20 caratteri",
TF5,Studio,F - Processo,Titolo step 4,Esecuzione,"max ~20 caratteri",
TG1,Studio,G - Testimonianza,Citazione,"Avevamo un buon prodotto, ma sui social eravamo invisibili. In quattro mesi siamo diventati il brand di riferimento nella nostra categoria.","testo della citazione — max ~200 caratteri",
TG2,Studio,G - Testimonianza,Nome cliente,Nome Cliente,"nome reale del cliente, max ~40 caratteri",
TG3,Studio,G - Testimonianza,Ruolo e azienda,Marketing Director · Brand · Milano,"ruolo · azienda · città, max ~50 caratteri",
TH1,Studio,H - Loghi clienti,Immagine logo 1,logo cliente (placeholder),"logo monocromatico SVG; file TH1.svg",
TH2,Studio,H - Loghi clienti,Immagine logo 2,logo cliente (placeholder),"file TH2.svg",
TH3,Studio,H - Loghi clienti,Immagine logo 3,logo cliente (placeholder),"file TH3.svg",
TH4,Studio,H - Loghi clienti,Immagine logo 4,logo cliente (placeholder),"file TH4.svg",
TH5,Studio,H - Loghi clienti,Immagine logo 5,logo cliente (placeholder),"file TH5.svg",
TH6,Studio,H - Loghi clienti,Immagine logo 6,logo cliente (placeholder),"file TH6.svg",
TI1,Studio,I - Lavora con noi,Titolo,Cerchi un posto dove contare?,"kinetic (lines)",
TI2,Studio,I - Lavora con noi,Paragrafo,"Non assumiamo ruoli, assumiamo persone. Mandaci portfolio, profilo LinkedIn o due righe su cosa sai fare — anche se non c'è una posizione aperta in questo momento.","maxWidth 44ch",
TI3,Studio,I - Lavora con noi,Lista ruoli,Designer · Strategist · Videomaker · Copywriter,"lista ruoli cercati, max ~60 caratteri",
TI4,Studio,I - Lavora con noi,Bottone-CTA,Manda la candidatura ↗,,
TJ1,Studio,J - CTA,Titolo,30 minuti. Gratis.,"mega kinetic",
TJ2,Studio,J - CTA,Paragrafo,"Ti ascoltiamo, analizziamo la situazione attuale e ti diciamo se — e come — possiamo aiutarti. Nessun obbligo, nessuna vendita: solo una valutazione onesta.","maxWidth 44ch",
TJ3,Studio,J - CTA,Punto checklist 1,✓ Audit gratuito del tuo canale,"voce checklist, max ~40 caratteri",
TJ4,Studio,J - CTA,Punto checklist 2,✓ Stima budget e tempi,"max ~40 caratteri",
TJ5,Studio,J - CTA,Punto checklist 3,✓ Piano d'azione su misura,"max ~40 caratteri",
TJ6,Studio,J - CTA,Bottone-CTA,Prenota la call ↗,,
CA1,Contatti,A - Hero,Sottotitolo,— prima call gratuita,"eyebrow no-slash, max ~30 caratteri",
CA2,Contatti,A - Hero,Titolo,Parliamo di cibo.,"mega kinetic (lines)",
CA3,Contatti,A - Hero,Paragrafo,"Raccontaci il brand, il progetto, l'obiettivo. Il primo confronto è offerto dalla casa — nessun impegno, solo una conversazione onesta su dove sei e dove puoi arrivare.","maxWidth 44ch",
CB1,Contatti,B - Come funziona,Titolo,Tre passi. Nessun impegno.,"kinetic (words), maxWidth 16ch",
CB2,Contatti,B - Come funziona,Blocco step 1,"Ci scrivi — Due righe sul tuo brand e su cosa vorresti migliorare.","div step body step 1 — h3 + p descrizione",
CB3,Contatti,B - Come funziona,Blocco step 2,"Prima call · gratuita — Fissiamo 30 minuti per sentirci.","div step body step 2",
CB4,Contatti,B - Come funziona,Blocco step 3,Ti facciamo una proposta — Se c'è la sintonia giusta prepariamo una proposta su misura.,"div step body step 3",
CC1,Contatti,C - Info,Blocco email diretta,"// email diretta — ciao@fooody.it","blocco informativo email; modificare l'indirizzo email se cambia",
CC2,Contatti,C - Info,Indirizzo,"Milano — Lavoriamo su tutto il territorio italiano.","testo sede, max ~80 caratteri",
CC3,Contatti,C - Info,Callout gratuito,"0€ / La prima call è sempre gratuita. Nessun obbligo, nessun preventivo automatico.","blocco callout — testo fisso a meno di cambiamenti di politica",
